<?xml version="1.0" encoding="UTF-8"?>
<!DOCTYPE bindings PUBLIC "-//NetBeans//DTD Editor KeyBindings settings 1.1//EN" "http://www.netbeans.org/dtds/EditorKeyBindings-1_1.dtd">
<bindings>
    <bind actionName="debug-focused-test" key="AS-F5"/>
    <bind actionName="goto-declaration" key="C-B"/>
    <bind actionName="in-place-refactoring" key="C-R"/>
    <bind actionName="rails-generator" key="A-INSERT"/>
    <bind actionName="run-focused-spec" key="AS-F6"/>
    <bind actionName="select-element-next" key="AS-PERIOD"/>
    <bind actionName="select-element-previous" key="AS-COMMA"/>
    <bind actionName="toggle-comment" key="CS-C"/>
    <bind actionName="toggle-comment" key="C-SLASH"/>
    <bind key="A-F1" remove="true"/>
</bindings>
