<?xml version="1.0" encoding="UTF-8"?>
<!DOCTYPE codetemplates PUBLIC "-//NetBeans//DTD Editor Code Templates settings 1.0//EN" "http://www.netbeans.org/dtds/EditorCodeTemplates-1_0.dtd">
<codetemplates>
    <codetemplate abbreviation="deb" xml:space="preserve">
        <code><![CDATA[debugger
]]></code>
    </codetemplate>
    <codetemplate abbreviation="mvd" xml:space="preserve">
        <code><![CDATA[@my_variable = ["id"]
class << self; attr_accessor :my_variable; end]]></code>
        <description><![CDATA[Defines static variable. Use inside a module.

Access it with:
MyModule.my_variable]]></description>
    </codetemplate>
    <codetemplate abbreviation="it" xml:space="preserve">
        <code><![CDATA[it "should ${tabStop1 default=""}" do
  ${tabStop2 default=""}
end]]></code>
    </codetemplate>
    <codetemplate abbreviation="rde" xml:space="preserve">
        <code><![CDATA[require 'ruby-debug'
]]></code>
    </codetemplate>
</codetemplates>
