<?xml version="1.0" encoding="UTF-8"?>
<!DOCTYPE codetemplates PUBLIC "-//NetBeans//DTD Editor Code Templates settings 1.0//EN" "http://www.netbeans.org/dtds/EditorCodeTemplates-1_0.dtd">
<codetemplates>
    <codetemplate abbreviation="node" xml:space="preserve">
        <code><![CDATA[var_export($$${NODE newVarName default="index"}->ownerDocument->saveXML($$${NODE editable=false}));
]]></code>
    </codetemplate>
    <codetemplate abbreviation="vd" xml:space="preserve">
        <code><![CDATA[var_dump(${selection}$$${VARIABLE variableFromNextAssignmentName default="variable"});die();
${cursor}]]></code>
    </codetemplate>
</codetemplates>
