<?xml version="1.0" encoding="UTF-8"?>
<!DOCTYPE codetemplates PUBLIC "-//NetBeans//DTD Editor Code Templates settings 1.0//EN" "http://www.netbeans.org/dtds/EditorCodeTemplates-1_0.dtd">
<codetemplates>
    <codetemplate abbreviation="nlo" xml:space="preserve">
        <code><![CDATA[<% new_layout_only do %>
  ${cursor}
<% end %>]]></code>
    </codetemplate>
    <codetemplate abbreviation="end" xml:space="preserve">
        <code><![CDATA[<% end %>]]></code>
    </codetemplate>
    <codetemplate abbreviation="clear" xml:space="preserve">
        <code><![CDATA[<div style="clear:${1 default="both"};"></div>]]></code>
    </codetemplate>
    <codetemplate abbreviation="rbd" xml:space="preserve">
        <code><![CDATA[<% round_box do %>
  ${cursor}
<%- end %>]]></code>
    </codetemplate>
    <codetemplate abbreviation="olo" xml:space="preserve">
        <code><![CDATA[<% old_layout_only do %>
  ${cursor}
<% end %>]]></code>
    </codetemplate>
</codetemplates>
