<?xml version="1.0" encoding="UTF-8"?>
<!DOCTYPE fontscolors PUBLIC "-//NetBeans//DTD Editor Fonts and Colors settings 1.1//EN" "http://www.netbeans.org/dtds/EditorFontsColors-1_1.dtd">
<fontscolors>
    <fontcolor foreColor="ff63b2fe" name="PHP_VARIABLE"/>
    <fontcolor bgColor="ff1f1f1f" foreColor="ffffc66d" name="mod-method">
        <font style="bold"/>
    </fontcolor>
    <fontcolor name="mod-private"/>
    <fontcolor default="identifier" name="PHP_STRING"/>
    <fontcolor name="mod-protected"/>
    <fontcolor name="mod-deprecated" strikeThrough="darkGray"/>
    <fontcolor bgColor="fff8e25b" foreColor="black" name="mark-occurrences"/>
    <fontcolor name="mod-abstract"/>
    <fontcolor default="field" name="mod-field"/>
    <fontcolor foreColor="ff6c3d03" name="heredocdelimiter"/>
    <fontcolor foreColor="ffdc9d3e" name="phpopenclose">
        <font style="bold"/>
    </fontcolor>
    <fontcolor name="PHP_CONTENT"/>
    <fontcolor name="mod-public"/>
    <fontcolor name="mod-constructor">
        <font style="bold"/>
    </fontcolor>
    <fontcolor bgColor="ff232323" foreColor="ff89c4fd" name="mod-local-variable"/>
    <fontcolor default="constant" foreColor="orange" name="constant">
        <font style="italic"/>
    </fontcolor>
    <fontcolor foreColor="ff3299f2" name="mod-parameter"/>
    <fontcolor default="keyword" foreColor="ffffed7f" name="keyword"/>
    <fontcolor name="mod-static">
        <font style="italic"/>
    </fontcolor>
    <fontcolor default="operator" name="operator"/>
    <fontcolor name="mod-class">
        <font style="bold"/>
    </fontcolor>
    <fontcolor foreColor="ffbc9458" name="T_INLINE_HTML"/>
    <fontcolor name="mod-unused" waveUnderlined="ff999999"/>
    <fontcolor default="string" foreColor="ffb5d666" name="string"/>
    <fontcolor name="mod-custom1">
        <font style="bold"/>
    </fontcolor>
    <fontcolor default="comment" name="phpdockeyword">
        <font style="bold"/>
    </fontcolor>
    <fontcolor default="comment" foreColor="ff9a9a9a" name="comment"/>
    <fontcolor default="identifier" name="identifier"/>
    <fontcolor default="separator" name="separator"/>
</fontscolors>
